{"count":1,"gauges":{"rabbitbrain.CumulativeReward":{"count":37773,"max":1,"min":-1,"value":-1,"weightedAverage":-0.830189764}},"self":407.9981568,"total":752.0270941,"children":{"AgentSendState":{"count":594567,"self":3.2633432,"total":36.6777729,"children":{"CollectObservations":{"count":59457,"self":0.2807364,"total":0.2807364,"children":null},"CollectDiscreteActionMasks":{"count":59457,"self":0.0746899,"total":0.0746899,"children":null},"AgentInfo.ToProto":{"count":59457,"self":0.5655939,"total":33.0590033,"children":{"GenerateSensorData":{"count":59457,"self":32.493407999999995,"total":32.4934094,"children":null}}}}},"DecideAction":{"count":594567,"self":303.3323008,"total":303.3323013,"children":null},"AgentAct":{"count":594567,"self":3.3570452,"total":4.0188730999999995,"children":{"AgentInfo.ToProto":{"count":37773,"self":0.27744009999999997,"total":0.661828,"children":{"GenerateSensorData":{"count":37773,"self":0.3843879,"total":0.3843879,"children":null}}}}}}}