{"count":1,"gauges":{"rabbitbrain.CumulativeReward":{"count":12,"max":1,"min":-1,"value":1,"weightedAverage":-0.1422534}},"self":20.3786976,"total":20.604821599999998,"children":{"AgentSendState":{"count":1020,"self":0.010903,"total":0.0129337,"children":{"CollectObservations":{"count":102,"self":0.0020307,"total":0.0020307,"children":null},"CollectDiscreteActionMasks":{"count":102,"self":0,"total":0,"children":null}}},"DecideAction":{"count":1020,"self":0.19723259999999998,"total":0.19723259999999998,"children":null},"AgentAct":{"count":1020,"self":0.014962999999999999,"total":0.014962999999999999,"children":null}}}