{"cameraMode":{"drawMode":0,"name":"Shaded","section":"Shading Mode"},"sceneLighting":true,"audioPlay":false,"sceneViewState":{"showFog":true,"showMaterialUpdate":false,"showSkybox":true,"showFlares":true,"showImageEffects":true,"showParticleSystems":true},"in2DMode":false,"pivot":{"x":0.9884425401687622,"y":0.6306629180908203,"z":2.6663615703582765},"rotation":{"x":-0.19228224456310273,"y":0.612601637840271,"z":-0.15693889558315278,"w":-0.750457227230072},"size":6.343854904174805,"orthographic":false}