{"cameraMode":{"drawMode":0,"name":"Shaded","section":"Shading Mode"},"sceneLighting":true,"audioPlay":false,"sceneViewState":{"showFog":true,"showMaterialUpdate":false,"showSkybox":true,"showFlares":true,"showImageEffects":true,"showParticleSystems":true},"in2DMode":false,"pivot":{"x":0.670798659324646,"y":-1.5138872861862183,"z":0.6392548084259033},"rotation":{"x":-0.4274313449859619,"y":0.0018607795936986805,"z":-0.0009518516017124057,"w":-0.9041399359703064},"size":12.671404838562012,"orthographic":false}